--
-- PostgreSQL database dump
--

-- Dumped from database version 13.1
-- Dumped by pg_dump version 13.1

-- Started on 2021-02-19 18:33:16

SET statement_timeout = 0;
SET lock_timeout = 0;
SET idle_in_transaction_session_timeout = 0;
SET client_encoding = 'UTF8';
SET standard_conforming_strings = on;
SELECT pg_catalog.set_config('search_path', '', false);
SET check_function_bodies = false;
SET xmloption = content;
SET client_min_messages = warning;
SET row_security = off;

--
-- TOC entry 3109 (class 1262 OID 41728)
-- Name: veterinaria_zandona; Type: DATABASE; Schema: -; Owner: postgres
--

CREATE DATABASE veterinaria_zandona WITH TEMPLATE = template0 ENCODING = 'UTF8' LOCALE = 'Portuguese_Brazil.1252';


ALTER DATABASE veterinaria_zandona OWNER TO postgres;

\connect veterinaria_zandona

SET statement_timeout = 0;
SET lock_timeout = 0;
SET idle_in_transaction_session_timeout = 0;
SET client_encoding = 'UTF8';
SET standard_conforming_strings = on;
SELECT pg_catalog.set_config('search_path', '', false);
SET check_function_bodies = false;
SET xmloption = content;
SET client_min_messages = warning;
SET row_security = off;

SET default_tablespace = '';

SET default_table_access_method = heap;

--
-- TOC entry 216 (class 1259 OID 43298)
-- Name: animal; Type: TABLE; Schema: public; Owner: postgres
--

CREATE TABLE public.animal (
    id integer NOT NULL,
    cpf_dono character varying(255),
    idade_animal integer,
    nome_animal character varying(255),
    nome_dono character varying(255),
    numero_dono character varying(255),
    rua_dono character varying(255),
    telefone_dono character varying(255),
    especie_id integer
);


ALTER TABLE public.animal OWNER TO postgres;

--
-- TOC entry 215 (class 1259 OID 43296)
-- Name: animal_id_seq; Type: SEQUENCE; Schema: public; Owner: postgres
--

ALTER TABLE public.animal ALTER COLUMN id ADD GENERATED BY DEFAULT AS IDENTITY (
    SEQUENCE NAME public.animal_id_seq
    START WITH 1
    INCREMENT BY 1
    NO MINVALUE
    NO MAXVALUE
    CACHE 1
);


--
-- TOC entry 210 (class 1259 OID 42984)
-- Name: atendimento; Type: TABLE; Schema: public; Owner: postgres
--

CREATE TABLE public.atendimento (
    id integer NOT NULL,
    atendimento_tipo character varying(255),
    valor double precision
);


ALTER TABLE public.atendimento OWNER TO postgres;

--
-- TOC entry 209 (class 1259 OID 42982)
-- Name: atendimento_id_seq; Type: SEQUENCE; Schema: public; Owner: postgres
--

ALTER TABLE public.atendimento ALTER COLUMN id ADD GENERATED BY DEFAULT AS IDENTITY (
    SEQUENCE NAME public.atendimento_id_seq
    START WITH 1
    INCREMENT BY 1
    NO MINVALUE
    NO MAXVALUE
    CACHE 1
);


--
-- TOC entry 218 (class 1259 OID 43308)
-- Name: consulta; Type: TABLE; Schema: public; Owner: postgres
--

CREATE TABLE public.consulta (
    id integer NOT NULL,
    data character varying(255),
    diagnostico character varying(255),
    hora character varying(255),
    valor double precision,
    animal_id integer,
    atendimento_tipo_id integer,
    exame_id integer,
    medico_crv integer,
    tratamento_id integer
);


ALTER TABLE public.consulta OWNER TO postgres;

--
-- TOC entry 217 (class 1259 OID 43306)
-- Name: consulta_id_seq; Type: SEQUENCE; Schema: public; Owner: postgres
--

ALTER TABLE public.consulta ALTER COLUMN id ADD GENERATED BY DEFAULT AS IDENTITY (
    SEQUENCE NAME public.consulta_id_seq
    START WITH 1
    INCREMENT BY 1
    NO MINVALUE
    NO MAXVALUE
    CACHE 1
);


--
-- TOC entry 212 (class 1259 OID 42991)
-- Name: especialidade; Type: TABLE; Schema: public; Owner: postgres
--

CREATE TABLE public.especialidade (
    id integer NOT NULL,
    nome character varying(255),
    valor double precision,
    medico integer
);


ALTER TABLE public.especialidade OWNER TO postgres;

--
-- TOC entry 211 (class 1259 OID 42989)
-- Name: especialidade_id_seq; Type: SEQUENCE; Schema: public; Owner: postgres
--

ALTER TABLE public.especialidade ALTER COLUMN id ADD GENERATED BY DEFAULT AS IDENTITY (
    SEQUENCE NAME public.especialidade_id_seq
    START WITH 1
    INCREMENT BY 1
    NO MINVALUE
    NO MAXVALUE
    CACHE 1
);


--
-- TOC entry 201 (class 1259 OID 42387)
-- Name: especie; Type: TABLE; Schema: public; Owner: postgres
--

CREATE TABLE public.especie (
    id integer NOT NULL,
    nome character varying(255)
);


ALTER TABLE public.especie OWNER TO postgres;

--
-- TOC entry 200 (class 1259 OID 42385)
-- Name: especie_id_seq; Type: SEQUENCE; Schema: public; Owner: postgres
--

ALTER TABLE public.especie ALTER COLUMN id ADD GENERATED BY DEFAULT AS IDENTITY (
    SEQUENCE NAME public.especie_id_seq
    START WITH 1
    INCREMENT BY 1
    NO MINVALUE
    NO MAXVALUE
    CACHE 1
);


--
-- TOC entry 202 (class 1259 OID 42392)
-- Name: especie_raca; Type: TABLE; Schema: public; Owner: postgres
--

CREATE TABLE public.especie_raca (
    especie_id integer NOT NULL,
    raca_id integer NOT NULL
);


ALTER TABLE public.especie_raca OWNER TO postgres;

--
-- TOC entry 208 (class 1259 OID 42807)
-- Name: exame; Type: TABLE; Schema: public; Owner: postgres
--

CREATE TABLE public.exame (
    id integer NOT NULL,
    nome character varying(255),
    valor double precision
);


ALTER TABLE public.exame OWNER TO postgres;

--
-- TOC entry 207 (class 1259 OID 42805)
-- Name: exame_id_seq; Type: SEQUENCE; Schema: public; Owner: postgres
--

ALTER TABLE public.exame ALTER COLUMN id ADD GENERATED BY DEFAULT AS IDENTITY (
    SEQUENCE NAME public.exame_id_seq
    START WITH 1
    INCREMENT BY 1
    NO MINVALUE
    NO MAXVALUE
    CACHE 1
);


--
-- TOC entry 214 (class 1259 OID 43210)
-- Name: medicamento; Type: TABLE; Schema: public; Owner: postgres
--

CREATE TABLE public.medicamento (
    id integer NOT NULL,
    nome character varying(255),
    quantidade character varying(255),
    vezes_ao_dia character varying(255)
);


ALTER TABLE public.medicamento OWNER TO postgres;

--
-- TOC entry 213 (class 1259 OID 43208)
-- Name: medicamento_id_seq; Type: SEQUENCE; Schema: public; Owner: postgres
--

ALTER TABLE public.medicamento ALTER COLUMN id ADD GENERATED BY DEFAULT AS IDENTITY (
    SEQUENCE NAME public.medicamento_id_seq
    START WITH 1
    INCREMENT BY 1
    NO MINVALUE
    NO MAXVALUE
    CACHE 1
);


--
-- TOC entry 203 (class 1259 OID 42411)
-- Name: medico; Type: TABLE; Schema: public; Owner: postgres
--

CREATE TABLE public.medico (
    crv integer NOT NULL,
    endereco_complemento character varying(255),
    nome character varying(255),
    numero integer,
    rua character varying(255),
    telefone character varying(255)
);


ALTER TABLE public.medico OWNER TO postgres;

--
-- TOC entry 204 (class 1259 OID 42419)
-- Name: medico_especies; Type: TABLE; Schema: public; Owner: postgres
--

CREATE TABLE public.medico_especies (
    medico_crv integer NOT NULL,
    especies_id integer NOT NULL
);


ALTER TABLE public.medico_especies OWNER TO postgres;

--
-- TOC entry 206 (class 1259 OID 42424)
-- Name: raca; Type: TABLE; Schema: public; Owner: postgres
--

CREATE TABLE public.raca (
    id integer NOT NULL,
    nome character varying(255)
);


ALTER TABLE public.raca OWNER TO postgres;

--
-- TOC entry 205 (class 1259 OID 42422)
-- Name: raca_id_seq; Type: SEQUENCE; Schema: public; Owner: postgres
--

ALTER TABLE public.raca ALTER COLUMN id ADD GENERATED BY DEFAULT AS IDENTITY (
    SEQUENCE NAME public.raca_id_seq
    START WITH 1
    INCREMENT BY 1
    NO MINVALUE
    NO MAXVALUE
    CACHE 1
);


--
-- TOC entry 220 (class 1259 OID 43318)
-- Name: tratamento; Type: TABLE; Schema: public; Owner: postgres
--

CREATE TABLE public.tratamento (
    id integer NOT NULL,
    descricao character varying(255),
    duracao_em_dias integer,
    medicamento_id integer
);


ALTER TABLE public.tratamento OWNER TO postgres;

--
-- TOC entry 219 (class 1259 OID 43316)
-- Name: tratamento_id_seq; Type: SEQUENCE; Schema: public; Owner: postgres
--

ALTER TABLE public.tratamento ALTER COLUMN id ADD GENERATED BY DEFAULT AS IDENTITY (
    SEQUENCE NAME public.tratamento_id_seq
    START WITH 1
    INCREMENT BY 1
    NO MINVALUE
    NO MAXVALUE
    CACHE 1
);


--
-- TOC entry 3099 (class 0 OID 43298)
-- Dependencies: 216
-- Data for Name: animal; Type: TABLE DATA; Schema: public; Owner: postgres
--

INSERT INTO public.animal (id, cpf_dono, idade_animal, nome_animal, nome_dono, numero_dono, rua_dono, telefone_dono, especie_id) VALUES (1, '65896523514', 10, 'Gato', 'Lourdes', '16', 'Rua Alcântara', '56894578', 4);
INSERT INTO public.animal (id, cpf_dono, idade_animal, nome_animal, nome_dono, numero_dono, rua_dono, telefone_dono, especie_id) VALUES (2, '87456958423', 8, 'Pingu', 'Fred', '252', 'Rua dos Abacateiros', '65894125', 3);


--
-- TOC entry 3093 (class 0 OID 42984)
-- Dependencies: 210
-- Data for Name: atendimento; Type: TABLE DATA; Schema: public; Owner: postgres
--

INSERT INTO public.atendimento (id, atendimento_tipo, valor) VALUES (1, 'EMERGÊNCIA', 200);
INSERT INTO public.atendimento (id, atendimento_tipo, valor) VALUES (2, 'HORA MARCADA', 125);


--
-- TOC entry 3101 (class 0 OID 43308)
-- Dependencies: 218
-- Data for Name: consulta; Type: TABLE DATA; Schema: public; Owner: postgres
--

INSERT INTO public.consulta (id, data, diagnostico, hora, valor, animal_id, atendimento_tipo_id, exame_id, medico_crv, tratamento_id) VALUES (1, '01/03/2021', 'Muito voraz', '14h', 475, 1, 2, 2, 9514, 1);
INSERT INTO public.consulta (id, data, diagnostico, hora, valor, animal_id, atendimento_tipo_id, exame_id, medico_crv, tratamento_id) VALUES (2, '03/03/2021', 'Muito besta', '11h', 475, 2, 2, 3, 8974, 2);


--
-- TOC entry 3095 (class 0 OID 42991)
-- Dependencies: 212
-- Data for Name: especialidade; Type: TABLE DATA; Schema: public; Owner: postgres
--

INSERT INTO public.especialidade (id, nome, valor, medico) VALUES (1, 'CLÍNICA GERAL', 200, 1245);
INSERT INTO public.especialidade (id, nome, valor, medico) VALUES (2, 'ORTOPEDIA', 350, 9514);


--
-- TOC entry 3084 (class 0 OID 42387)
-- Dependencies: 201
-- Data for Name: especie; Type: TABLE DATA; Schema: public; Owner: postgres
--

INSERT INTO public.especie (id, nome) VALUES (1, 'cachorro');
INSERT INTO public.especie (id, nome) VALUES (2, 'gato');
INSERT INTO public.especie (id, nome) VALUES (3, 'calopsita');
INSERT INTO public.especie (id, nome) VALUES (4, 'dragão');


--
-- TOC entry 3085 (class 0 OID 42392)
-- Dependencies: 202
-- Data for Name: especie_raca; Type: TABLE DATA; Schema: public; Owner: postgres
--



--
-- TOC entry 3091 (class 0 OID 42807)
-- Dependencies: 208
-- Data for Name: exame; Type: TABLE DATA; Schema: public; Owner: postgres
--

INSERT INTO public.exame (id, nome, valor) VALUES (1, 'Exame 1', 50);
INSERT INTO public.exame (id, nome, valor) VALUES (2, 'Exame 2', 100);
INSERT INTO public.exame (id, nome, valor) VALUES (3, 'Exame 3', 150);


--
-- TOC entry 3097 (class 0 OID 43210)
-- Dependencies: 214
-- Data for Name: medicamento; Type: TABLE DATA; Schema: public; Owner: postgres
--



--
-- TOC entry 3086 (class 0 OID 42411)
-- Dependencies: 203
-- Data for Name: medico; Type: TABLE DATA; Schema: public; Owner: postgres
--

INSERT INTO public.medico (crv, endereco_complemento, nome, numero, rua, telefone) VALUES (1245, 'casa', 'Rodolfo Lutz', 12, 'Rua Castor', '4569723');
INSERT INTO public.medico (crv, endereco_complemento, nome, numero, rua, telefone) VALUES (5678, 'apartamento', 'Francisco Roberto', 56, 'Rua dos Ingleses', '78456932');
INSERT INTO public.medico (crv, endereco_complemento, nome, numero, rua, telefone) VALUES (9514, 'apartamento', 'Ana Franco', 87, 'Rua dos Espanhois', '98654723');
INSERT INTO public.medico (crv, endereco_complemento, nome, numero, rua, telefone) VALUES (7325, 'casa', 'Mauro Rupert', 98, 'Rua dos Alemães', '8956234');
INSERT INTO public.medico (crv, endereco_complemento, nome, numero, rua, telefone) VALUES (8974, 'apartamento', 'Flávio Tristão', 74, 'Rua Brasileira', '5263784');


--
-- TOC entry 3087 (class 0 OID 42419)
-- Dependencies: 204
-- Data for Name: medico_especies; Type: TABLE DATA; Schema: public; Owner: postgres
--



--
-- TOC entry 3089 (class 0 OID 42424)
-- Dependencies: 206
-- Data for Name: raca; Type: TABLE DATA; Schema: public; Owner: postgres
--



--
-- TOC entry 3103 (class 0 OID 43318)
-- Dependencies: 220
-- Data for Name: tratamento; Type: TABLE DATA; Schema: public; Owner: postgres
--

INSERT INTO public.tratamento (id, descricao, duracao_em_dias, medicamento_id) VALUES (1, NULL, NULL, NULL);
INSERT INTO public.tratamento (id, descricao, duracao_em_dias, medicamento_id) VALUES (2, NULL, NULL, NULL);


--
-- TOC entry 3110 (class 0 OID 0)
-- Dependencies: 215
-- Name: animal_id_seq; Type: SEQUENCE SET; Schema: public; Owner: postgres
--

SELECT pg_catalog.setval('public.animal_id_seq', 2, true);


--
-- TOC entry 3111 (class 0 OID 0)
-- Dependencies: 209
-- Name: atendimento_id_seq; Type: SEQUENCE SET; Schema: public; Owner: postgres
--

SELECT pg_catalog.setval('public.atendimento_id_seq', 2, true);


--
-- TOC entry 3112 (class 0 OID 0)
-- Dependencies: 217
-- Name: consulta_id_seq; Type: SEQUENCE SET; Schema: public; Owner: postgres
--

SELECT pg_catalog.setval('public.consulta_id_seq', 2, true);


--
-- TOC entry 3113 (class 0 OID 0)
-- Dependencies: 211
-- Name: especialidade_id_seq; Type: SEQUENCE SET; Schema: public; Owner: postgres
--

SELECT pg_catalog.setval('public.especialidade_id_seq', 2, true);


--
-- TOC entry 3114 (class 0 OID 0)
-- Dependencies: 200
-- Name: especie_id_seq; Type: SEQUENCE SET; Schema: public; Owner: postgres
--

SELECT pg_catalog.setval('public.especie_id_seq', 4, true);


--
-- TOC entry 3115 (class 0 OID 0)
-- Dependencies: 207
-- Name: exame_id_seq; Type: SEQUENCE SET; Schema: public; Owner: postgres
--

SELECT pg_catalog.setval('public.exame_id_seq', 3, true);


--
-- TOC entry 3116 (class 0 OID 0)
-- Dependencies: 213
-- Name: medicamento_id_seq; Type: SEQUENCE SET; Schema: public; Owner: postgres
--

SELECT pg_catalog.setval('public.medicamento_id_seq', 1, false);


--
-- TOC entry 3117 (class 0 OID 0)
-- Dependencies: 205
-- Name: raca_id_seq; Type: SEQUENCE SET; Schema: public; Owner: postgres
--

SELECT pg_catalog.setval('public.raca_id_seq', 1, false);


--
-- TOC entry 3118 (class 0 OID 0)
-- Dependencies: 219
-- Name: tratamento_id_seq; Type: SEQUENCE SET; Schema: public; Owner: postgres
--

SELECT pg_catalog.setval('public.tratamento_id_seq', 2, true);


--
-- TOC entry 2935 (class 2606 OID 43305)
-- Name: animal animal_pkey; Type: CONSTRAINT; Schema: public; Owner: postgres
--

ALTER TABLE ONLY public.animal
    ADD CONSTRAINT animal_pkey PRIMARY KEY (id);


--
-- TOC entry 2929 (class 2606 OID 42988)
-- Name: atendimento atendimento_pkey; Type: CONSTRAINT; Schema: public; Owner: postgres
--

ALTER TABLE ONLY public.atendimento
    ADD CONSTRAINT atendimento_pkey PRIMARY KEY (id);


--
-- TOC entry 2937 (class 2606 OID 43315)
-- Name: consulta consulta_pkey; Type: CONSTRAINT; Schema: public; Owner: postgres
--

ALTER TABLE ONLY public.consulta
    ADD CONSTRAINT consulta_pkey PRIMARY KEY (id);


--
-- TOC entry 2931 (class 2606 OID 42995)
-- Name: especialidade especialidade_pkey; Type: CONSTRAINT; Schema: public; Owner: postgres
--

ALTER TABLE ONLY public.especialidade
    ADD CONSTRAINT especialidade_pkey PRIMARY KEY (id);


--
-- TOC entry 2915 (class 2606 OID 42391)
-- Name: especie especie_pkey; Type: CONSTRAINT; Schema: public; Owner: postgres
--

ALTER TABLE ONLY public.especie
    ADD CONSTRAINT especie_pkey PRIMARY KEY (id);


--
-- TOC entry 2917 (class 2606 OID 42396)
-- Name: especie_raca especie_raca_pkey; Type: CONSTRAINT; Schema: public; Owner: postgres
--

ALTER TABLE ONLY public.especie_raca
    ADD CONSTRAINT especie_raca_pkey PRIMARY KEY (especie_id, raca_id);


--
-- TOC entry 2927 (class 2606 OID 42811)
-- Name: exame exame_pkey; Type: CONSTRAINT; Schema: public; Owner: postgres
--

ALTER TABLE ONLY public.exame
    ADD CONSTRAINT exame_pkey PRIMARY KEY (id);


--
-- TOC entry 2933 (class 2606 OID 43217)
-- Name: medicamento medicamento_pkey; Type: CONSTRAINT; Schema: public; Owner: postgres
--

ALTER TABLE ONLY public.medicamento
    ADD CONSTRAINT medicamento_pkey PRIMARY KEY (id);


--
-- TOC entry 2921 (class 2606 OID 42418)
-- Name: medico medico_pkey; Type: CONSTRAINT; Schema: public; Owner: postgres
--

ALTER TABLE ONLY public.medico
    ADD CONSTRAINT medico_pkey PRIMARY KEY (crv);


--
-- TOC entry 2925 (class 2606 OID 42428)
-- Name: raca raca_pkey; Type: CONSTRAINT; Schema: public; Owner: postgres
--

ALTER TABLE ONLY public.raca
    ADD CONSTRAINT raca_pkey PRIMARY KEY (id);


--
-- TOC entry 2939 (class 2606 OID 43322)
-- Name: tratamento tratamento_pkey; Type: CONSTRAINT; Schema: public; Owner: postgres
--

ALTER TABLE ONLY public.tratamento
    ADD CONSTRAINT tratamento_pkey PRIMARY KEY (id);


--
-- TOC entry 2923 (class 2606 OID 42439)
-- Name: medico_especies uk_6cg2mc59yujlv08f7ax0uv7f1; Type: CONSTRAINT; Schema: public; Owner: postgres
--

ALTER TABLE ONLY public.medico_especies
    ADD CONSTRAINT uk_6cg2mc59yujlv08f7ax0uv7f1 UNIQUE (especies_id);


--
-- TOC entry 2919 (class 2606 OID 42437)
-- Name: especie_raca uk_rodh3s3tidgtg3ccilejn3g7o; Type: CONSTRAINT; Schema: public; Owner: postgres
--

ALTER TABLE ONLY public.especie_raca
    ADD CONSTRAINT uk_rodh3s3tidgtg3ccilejn3g7o UNIQUE (raca_id);


--
-- TOC entry 2951 (class 2606 OID 43348)
-- Name: consulta fk54hjvafh2nd5y32fagsghjbyx; Type: FK CONSTRAINT; Schema: public; Owner: postgres
--

ALTER TABLE ONLY public.consulta
    ADD CONSTRAINT fk54hjvafh2nd5y32fagsghjbyx FOREIGN KEY (tratamento_id) REFERENCES public.tratamento(id);


--
-- TOC entry 2941 (class 2606 OID 42480)
-- Name: especie_raca fkaeuul09w8jhug90gjfm8mc62f; Type: FK CONSTRAINT; Schema: public; Owner: postgres
--

ALTER TABLE ONLY public.especie_raca
    ADD CONSTRAINT fkaeuul09w8jhug90gjfm8mc62f FOREIGN KEY (especie_id) REFERENCES public.especie(id);


--
-- TOC entry 2946 (class 2606 OID 43323)
-- Name: animal fkccujj18mdt2bxcpilwh04pjvq; Type: FK CONSTRAINT; Schema: public; Owner: postgres
--

ALTER TABLE ONLY public.animal
    ADD CONSTRAINT fkccujj18mdt2bxcpilwh04pjvq FOREIGN KEY (especie_id) REFERENCES public.especie(id);


--
-- TOC entry 2940 (class 2606 OID 42475)
-- Name: especie_raca fkcds6wq5vdd2a07ce4i2geegqq; Type: FK CONSTRAINT; Schema: public; Owner: postgres
--

ALTER TABLE ONLY public.especie_raca
    ADD CONSTRAINT fkcds6wq5vdd2a07ce4i2geegqq FOREIGN KEY (raca_id) REFERENCES public.raca(id);


--
-- TOC entry 2949 (class 2606 OID 43338)
-- Name: consulta fkdae0w70pekvl5iyr19rkx2crp; Type: FK CONSTRAINT; Schema: public; Owner: postgres
--

ALTER TABLE ONLY public.consulta
    ADD CONSTRAINT fkdae0w70pekvl5iyr19rkx2crp FOREIGN KEY (exame_id) REFERENCES public.exame(id);


--
-- TOC entry 2944 (class 2606 OID 43015)
-- Name: especialidade fkdrjpmioc8yoi4ql3pvn3i9frt; Type: FK CONSTRAINT; Schema: public; Owner: postgres
--

ALTER TABLE ONLY public.especialidade
    ADD CONSTRAINT fkdrjpmioc8yoi4ql3pvn3i9frt FOREIGN KEY (medico) REFERENCES public.medico(crv);


--
-- TOC entry 2943 (class 2606 OID 42490)
-- Name: medico_especies fkej90t3cjmux9vysjhqvxus458; Type: FK CONSTRAINT; Schema: public; Owner: postgres
--

ALTER TABLE ONLY public.medico_especies
    ADD CONSTRAINT fkej90t3cjmux9vysjhqvxus458 FOREIGN KEY (medico_crv) REFERENCES public.medico(crv);


--
-- TOC entry 2942 (class 2606 OID 42485)
-- Name: medico_especies fkhq0l7muft3nfql880j91rhv2u; Type: FK CONSTRAINT; Schema: public; Owner: postgres
--

ALTER TABLE ONLY public.medico_especies
    ADD CONSTRAINT fkhq0l7muft3nfql880j91rhv2u FOREIGN KEY (especies_id) REFERENCES public.especie(id);


--
-- TOC entry 2952 (class 2606 OID 43353)
-- Name: tratamento fki2hvm8uyxfpjwuanf1320c2pv; Type: FK CONSTRAINT; Schema: public; Owner: postgres
--

ALTER TABLE ONLY public.tratamento
    ADD CONSTRAINT fki2hvm8uyxfpjwuanf1320c2pv FOREIGN KEY (medicamento_id) REFERENCES public.medicamento(id);


--
-- TOC entry 2945 (class 2606 OID 43020)
-- Name: especialidade fkmtfnjhipk006exj3t4scbyrak; Type: FK CONSTRAINT; Schema: public; Owner: postgres
--

ALTER TABLE ONLY public.especialidade
    ADD CONSTRAINT fkmtfnjhipk006exj3t4scbyrak FOREIGN KEY (id) REFERENCES public.especialidade(id);


--
-- TOC entry 2948 (class 2606 OID 43333)
-- Name: consulta fkojx18ykaosw7g7p42v9xis7xb; Type: FK CONSTRAINT; Schema: public; Owner: postgres
--

ALTER TABLE ONLY public.consulta
    ADD CONSTRAINT fkojx18ykaosw7g7p42v9xis7xb FOREIGN KEY (atendimento_tipo_id) REFERENCES public.atendimento(id);


--
-- TOC entry 2947 (class 2606 OID 43328)
-- Name: consulta fkoqixw5gfyf05vkwf9xhy2423c; Type: FK CONSTRAINT; Schema: public; Owner: postgres
--

ALTER TABLE ONLY public.consulta
    ADD CONSTRAINT fkoqixw5gfyf05vkwf9xhy2423c FOREIGN KEY (animal_id) REFERENCES public.animal(id);


--
-- TOC entry 2950 (class 2606 OID 43343)
-- Name: consulta fkqpengt3ifsvbswr97ushrmnde; Type: FK CONSTRAINT; Schema: public; Owner: postgres
--

ALTER TABLE ONLY public.consulta
    ADD CONSTRAINT fkqpengt3ifsvbswr97ushrmnde FOREIGN KEY (medico_crv) REFERENCES public.medico(crv);


-- Completed on 2021-02-19 18:33:17

--
-- PostgreSQL database dump complete
--

